{"duration": 1.1314594745635986, "distance": 14626.029619286539, "coverage": 9763}