{"duration": 1.5922882556915283, "distance": 1385.58454974329, "coverage": 10147}