{"duration": 0.0013089179992675781, "distance": 19885.921168990048, "coverage": 0}