{"duration": 0.789602518081665, "distance": 895.6744674767543, "coverage": 6985}