{"duration": 0.001321554183959961, "distance": 19197.330020591828, "coverage": 0}