{"duration": 1.0874788761138916, "distance": 13763.789275209812, "coverage": 10847}