{"duration": 0.15340471267700195, "distance": 7862.704352086568, "coverage": 2480}