{"duration": 0.0012340545654296875, "distance": 17933.717456372317, "coverage": 0}