{"duration": 0.001201629638671875, "distance": 29350.52070378859, "coverage": 0}