coverage,time_mean,length_mean
67,0.00325213,1576.13
68,0.0035786,1589.66
20,0.000606942,1471.85
