{"duration": 0.12529206275939941, "distance": 642.3368257871325, "coverage": 1977}