{"duration": 0.4273993968963623, "distance": 613.9711143919851, "coverage": 3951}