{"duration": 13.437645435333252, "distance": 2824.533027062514, "coverage": 28815}